{"epoch": 99, "train/reward": 0.9140002667962839, "train/loss": 0.08405991226435648, "_timestamp": 1696946758.0463476, "_runtime": 0.8913335800170898, "_step": 106, "eval/reward": 0.03871190312087029, "_wandb": {"runtime": 0}}