{"epoch": 80, "train/reward": 0.6296152900374221, "train/loss": 0.16855884073007316, "_timestamp": 1696947756.5911152, "_runtime": 0.9081361293792725, "_step": 106, "eval/reward/episode_0": [0.569082112644637, 0.6243135800308918, 0.5834861727718962, 0.6034916184767524, 0.6072715003027024, 0.5477880688224757, 0.573213791168758, 0.5525069995362847, 0.5806319549345915, 0.6000251645103857, 0.5344406253857064, 0.6181377559245873, 0.6039940477093105, 0.6183990267145808, 0.5990471514731665, 0.5903503192012516, 0.5464927774006377, 0.6171058198207399, 0.6201342402568923, 0.5969637698733483], "eval/reward/episode_1": [0.612657443135454, 0.6024334748901496, 0.5952954456187513, 0.5973549191877165, 0.6128196779841952, 0.593842170222258, 0.6040672434311837, 0.5879472177361154, 0.6286120088934087, 0.6256244310599324, 0.609217150433022, 0.5992476078691283, 0.6002573385981148, 0.61709206522118, 0.6248673194081847, 0.5889188379707498, 0.5993374456984125, 0.5957881777387108, 0.6071646399173194, 0.5960587608144321], "eval/reward/episode_2": [0.6166245807054047, 0.6337174185790274, 0.6030821896468623, 0.6082509595527268, 0.6221219005568489, 0.6176766919268889, 0.6212363255998109, 0.606621201665118, 0.6184223731303231, 0.6106518882433805, 0.6308210468763463, 0.6024678562613799, 0.6260175535445843, 0.615871478680225, 0.6257060902666137, 0.6326627054709707, 0.6251238145166953, 0.6283767327832768, 0.6099263578302835, 0.6279687847275045], "eval/reward/episode_3": [0.6266575383335452, 0.6267851921759815, 0.6131331152739798, 0.6238688726921657, 0.6164167515400184, 0.61861653074411, 0.6342229343486437, 0.6155751512071392, 0.616591253214283, 0.6246887259122204, 0.6109958479432471, 0.6208407310706945, 0.6193999941625125, 0.6273605588054271, 0.6206645932439391, 0.6173005838929251, 0.6326540767114195, 0.6129155884257347, 0.6338385466223517, 0.6276516174544112], "eval/reward/episode_4": [0.6253235602028624, 0.6160583651036463, 0.6159114743047336, 0.6187456187548546, 0.6298461737413142, 0.6309552950900391, 0.615027860283915, 0.6273891251817336, 0.6320018036960651, 0.62240595174034, 0.6202037431336491, 0.6209992438437715, 0.6174718063200871, 0.6269506017962734, 0.6174281689919385, 0.6209990291224976, 0.6166985380741913, 0.6235905234800165, 0.6175302760534801, 0.6248224312830022], "eval/reward/episode_5": [0.6241267358846031, 0.6341731223332681, 0.6198608928922078, 0.628724674274195, 0.6248959570742861, 0.6199646732387314, 0.622667893783036, 0.628711557311979, 0.6251136553728827, 0.6274995151498566, 0.619592296471261, 0.6337137964620614, 0.6288974294037541, 0.6210442899210263, 0.6298866586051988, 0.6253449165190003, 0.6322629061603267, 0.6271828736493448, 0.6344744187182613, 0.6243827806966776], "eval/reward/episode_6": [0.6282912431172378, 0.628101430880929, 0.628269024347409, 0.6311086850954001, 0.6209512935941293, 0.6309936986836736, 0.627926755415102, 0.6304670099056179, 0.6272322084546936, 0.6209730779517569, 0.6223172713177821, 0.6275700618842881, 0.631288253710827, 0.6314332684703647, 0.6210764217326632, 0.6257192167681653, 0.6341183089044015, 0.6301689116117121, 0.629894568862814, 0.6260278581080582], "eval/reward/episode_7": [0.6340373484454048, 0.6296665290299107, 0.6326203166861266, 0.6251499519257182, 0.631449642525321, 0.6287542301096654, 0.6236285278599788, 0.6280059718994575, 0.6251649479105078, 0.6341188797951844, 0.6314129893760381, 0.6309891728575215, 0.6330593487306152, 0.6250461834529466, 0.6322746915361581, 0.6322480374975905, 0.6303303985854856, 0.623959882534777, 0.626244905321131, 0.6271708908757354], "eval/reward/episode_8": [0.6325365047592187, 0.6329641636459037, 0.6279864453361937, 0.6331427407593123, 0.6238468521208458, 0.6308684884109853, 0.6259237745885186, 0.6342170114360766, 0.6316707710011094, 0.6237668683963562, 0.6334678898471868, 0.6289526560147627, 0.6286781056940275, 0.6301333945188274, 0.6240083681655811, 0.6253289459177893, 0.6333868263068698, 0.6319311063329963, 0.6312244137813798, 0.6328198646777891], "_wandb": {"runtime": 0}}