{"epoch": 99, "train/reward": 0.7635097351355562, "train/loss": 0.0366452560484116, "_timestamp": 1696948874.3531783, "_runtime": 1.0030443668365479, "_step": 299, "eval/reward/episode_0": 0.7621145143342557, "eval/reward/episode_1": 0.7648990185973413, "eval/reward/episode_2": 0.7602658271909747, "eval/reward/episode_3": 0.7611916879765342, "eval/reward/episode_4": 0.7672110010453821, "eval/reward/episode_5": 0.7615150178632067, "eval/reward/episode_6": 0.7594680220154857, "eval/reward/episode_7": 0.7661524708585709, "eval/reward/episode_8": 0.7681764812884726, "eval/reward/episode_9": 0.7617162929660143, "eval/reward/episode_10": 0.7669835681648216, "eval/reward/episode_11": 0.7589544483391213, "eval/reward/episode_12": 0.7629962660357031, "eval/reward/episode_13": 0.765226256043821, "eval/reward/episode_14": 0.7644396802824255, "eval/reward/episode_15": 0.7601582458579772, "eval/reward/episode_16": 0.7618380912349979, "eval/reward/episode_17": 0.7603196490280496, "eval/reward/episode_18": 0.7591840787485232, "eval/reward/episode_19": 0.7688021930605801, "_wandb": {"runtime": 0}}