{"train/reward": 0.7933420588413354, "loss": 0.20496550751336254, "_timestamp": 1696945922.9745536, "_runtime": 0.8929235935211182, "_step": 106, "epoch": 90, "eval/reward": 0.04825687223103096, "_wandb": {"runtime": 0}}