{"train_reward": 0.8256522286740129, "loss": 0.17250921923738133, "_timestamp": 1696944816.1490047, "_runtime": 0.9701776504516602, "_step": 277, "eval/reward": 0.04748766278606824, "_wandb": {"runtime": 0}}