{"epoch": 80, "train/reward": 0.6449660699311833, "train/loss": 0.15518026742186716, "_timestamp": 1696947689.736147, "_runtime": 1.0592739582061768, "_step": 106, "eval/reward": [0.6517610296355537, 0.6449921522821495, 0.6496142257535028, 0.641839017259583, 0.6486804871341123, 0.6482802052676387, 0.6441785286585914, 0.6493658702612091, 0.647175004142617, 0.6497776271474656, 0.6487971882116108, 0.6419862816130867, 0.6483831985996448, 0.6411709067952933, 0.6484450839935862, 0.6423551350334323, 0.6488821305292132, 0.6456849650142961, 0.6511904393596384, 0.6479346022756675], "_wandb": {"runtime": 0}}