{"epoch": 100, "train/reward": 0.657845436643907, "train/loss": 0.13815994827818942, "_timestamp": 1696950244.2030363, "_runtime": 1.8254542350769043, "_step": 101, "idk_table": {"_type": "table-file", "sha256": "08744f6bcf7122646f1dc8a6a112f9deb25bc2fa8848e242ea55c71fc274a902", "size": 7555, "artifact_path": "wandb-client-artifact://devxwyo0qhhln98h0fxxznfdlvo5z5xxidgickfbvbymio9r3hnyvyqsps1wjxge718w4dox98orvf456igi5exc3dxo9bybbv5bwpubrnxl7tymmu77v06pm9obl3wn:latest/idk_table.table.json", "_latest_artifact_path": "wandb-client-artifact://devxwyo0qhhln98h0fxxznfdlvo5z5xxidgickfbvbymio9r3hnyvyqsps1wjxge718w4dox98orvf456igi5exc3dxo9bybbv5bwpubrnxl7tymmu77v06pm9obl3wn:latest/idk_table.table.json", "path": "media/table/idk_table_101_08744f6bcf7122646f1d.table.json", "ncols": 3, "nrows": 220}, "_wandb": {"runtime": 0}}