{"epoch": 99, "train/reward": 0.6298949525052268, "train/loss": 0.17449137965666728, "_timestamp": 1696949158.8344038, "_runtime": 3.887990713119507, "_step": 299, "eval/reward/episode_0": 0.6258906184599327, "eval/reward/episode_1": 0.6293164236324889, "eval/reward/episode_2": 0.6313325326923814, "eval/reward/episode_3": 0.622035744825624, "eval/reward/episode_4": 0.6293340419642729, "eval/reward/episode_5": 0.6209236483360504, "eval/reward/episode_6": 0.6287224974498082, "eval/reward/episode_7": 0.621912489435496, "eval/reward/episode_8": 0.6205516245470205, "eval/reward/episode_9": 0.6226154503865403, "eval/reward/episode_10": 0.630934426593763, "eval/reward/episode_11": 0.6303420761908792, "eval/reward/episode_12": 0.6296799270733564, "eval/reward/episode_13": 0.6249019491424761, "eval/reward/episode_14": 0.6251911938914256, "eval/reward/episode_15": 0.6235710120908016, "eval/reward/episode_16": 0.6298004804292497, "eval/reward/episode_17": 0.6301508568245527, "eval/reward/episode_18": 0.6225328335008947, "eval/reward/episode_19": 0.6279586798037256, "_wandb": {"runtime": 0}}