{"epoch": 99, "train/reward": 0.6009476282863373, "train/loss": 0.20717065891381398, "_timestamp": 1696948674.4112978, "_runtime": 2.4669458866119385, "_step": 299, "eval/reward/episode_0": 0.5960571911508696, "eval/reward/episode_1": 0.5986831698179129, "eval/reward/episode_2": 0.5930606343431062, "eval/reward/episode_3": 0.5932087945404234, "eval/reward/episode_4": 0.6014378692855216, "eval/reward/episode_5": 0.5938238521697263, "eval/reward/episode_6": 0.5949577375886721, "eval/reward/episode_7": 0.5995249178987696, "eval/reward/episode_8": 0.6011732480882015, "eval/reward/episode_9": 0.5974095832005217, "eval/reward/episode_10": 0.6002895610098462, "eval/reward/episode_11": 0.5969363464557282, "eval/reward/episode_12": 0.5913015137963089, "eval/reward/episode_13": 0.5944223233158619, "eval/reward/episode_14": 0.5933482042683784, "eval/reward/episode_15": 0.5939798547494901, "eval/reward/episode_16": 0.5984363532958448, "eval/reward/episode_17": 0.5997493554602951, "eval/reward/episode_18": 0.6011017368997498, "eval/reward/episode_19": 0.595419456320736, "_wandb": {"runtime": 0}}