{"epoch": 99, "train/reward": 0.7800840230808679, "train/loss": 0.02291419385634633, "_timestamp": 1696947975.5741825, "_runtime": 1.1356055736541748, "_step": 97}