{"epoch": 100, "train/reward": 0.5914169171295967, "train/loss": 0.20049469322525984, "_timestamp": 1696950481.077615, "_runtime": 1.1865870952606201, "_step": 100, "_wandb": {"runtime": 0}}