{"train_reward": 0.9283920322432654, "loss": 0.0801917360504841, "_timestamp": 1696945201.203284, "_runtime": 1.2080779075622559, "_step": 277, "epoch": 90, "eval/reward": 0.050849258407282105, "_wandb": {"runtime": 0}}