{"train/step": 20, "train/episode": 2, "train/reward": 0.0, "train/reward_std": 0.0, "train/loss": 0.0003972239210270345, "train/squared_norm_gradients": 174.60638427734375, "_timestamp": 1696624279.2287529, "_runtime": 13.519727945327759, "_step": 1, "_wandb": {"runtime": 12}}