{"epoch": 100, "train/reward": 0.7726749895553592, "train/loss": 0.028035424942806107, "_timestamp": 1696950493.4589188, "_runtime": 0.9484567642211914, "_step": 100, "_wandb": {"runtime": 0}}