{"epoch": 90, "train/reward": 0.7384676400009414, "train/loss": 0.06054568068223718, "_timestamp": 1696948443.1545155, "_runtime": 1.136730432510376, "_step": 299, "eval/reward/episode_0": -0.9082595449290835, "eval/reward/episode_1": 0.6692293433478764, "eval/reward/episode_2": 0.7276833811106888, "eval/reward/episode_3": 0.7211206864898516, "eval/reward/episode_4": 0.7260892718935874, "eval/reward/episode_5": 0.7355961545837624, "eval/reward/episode_6": 0.7339894558438487, "eval/reward/episode_7": 0.743342913095672, "eval/reward/episode_8": 0.7438768779912831, "eval/reward/episode_9": 0.7438158207567429, "_wandb": {"runtime": 0}}