{"epoch": 99, "train/reward": 0.815347355034345, "train/loss": 0.18659195263448045, "_timestamp": 1696946313.2580128, "_runtime": 1.0907537937164307, "_step": 106, "eval/reward": 0.047700306118903406, "_wandb": {"runtime": 0}}