{"train/reward": 0.0, "_timestamp": 1696675946.0060961, "_runtime": 17.292509078979492, "_step": 3}