{"epoch": 99, "train/reward": 0.7434379678911011, "train/loss": 0.05513631784596776, "_timestamp": 1696948755.26263, "_runtime": 0.9174931049346924, "_step": 299, "eval/reward/episode_0": 0.7492512137340539, "eval/reward/episode_1": 0.7504869357879499, "eval/reward/episode_2": 0.744631170848677, "eval/reward/episode_3": 0.7407943406642052, "eval/reward/episode_4": 0.746732365634308, "eval/reward/episode_5": 0.7437716496766438, "eval/reward/episode_6": 0.7430346321320923, "eval/reward/episode_7": 0.7403010971889816, "eval/reward/episode_8": 0.7420956309336832, "eval/reward/episode_9": 0.7504422413401244, "eval/reward/episode_10": 0.7504138160395896, "eval/reward/episode_11": 0.7497243966141173, "eval/reward/episode_12": 0.7414393795129941, "eval/reward/episode_13": 0.741831143558926, "eval/reward/episode_14": 0.7470262818775022, "eval/reward/episode_15": 0.7504551499313294, "eval/reward/episode_16": 0.7452106003098, "eval/reward/episode_17": 0.7469038393151107, "eval/reward/episode_18": 0.741037745881932, "eval/reward/episode_19": 0.7462761853586464, "_wandb": {"runtime": 0}}