{"epoch": 99, "train/reward": 0.7582602898342794, "train/loss": 0.03640850389657259, "_timestamp": 1696948972.2131143, "_runtime": 1.0099263191223145, "_step": 299, "eval/reward/episode_0": 0.7584883380176378, "eval/reward/episode_1": 0.7647274062459806, "eval/reward/episode_2": 0.7582978338380351, "eval/reward/episode_3": 0.7638139716792479, "eval/reward/episode_4": 0.7661645766602183, "eval/reward/episode_5": 0.7603430850875565, "eval/reward/episode_6": 0.7646061993986906, "eval/reward/episode_7": 0.7601426760960731, "eval/reward/episode_8": 0.7631446767320793, "eval/reward/episode_9": 0.7614061484723925, "eval/reward/episode_10": 0.7663679530398448, "eval/reward/episode_11": 0.7631821232187792, "eval/reward/episode_12": 0.756491373178808, "eval/reward/episode_13": 0.7573908321778742, "eval/reward/episode_14": 0.7606694090625948, "eval/reward/episode_15": 0.7568305186361717, "eval/reward/episode_16": 0.7671684616094605, "eval/reward/episode_17": 0.7601068383077235, "eval/reward/episode_18": 0.7606643593851664, "eval/reward/episode_19": 0.7651954727070643, "_wandb": {"runtime": 0}}