{"epoch": 99, "train/reward": 0.712335054676221, "train/loss": 0.09250540257885453, "_timestamp": 1696948638.0016272, "_runtime": 0.9692091941833496, "_step": 299, "eval/reward/episode_0": 0.7054639505890128, "eval/reward/episode_1": 0.7046987937775578, "eval/reward/episode_2": 0.709979843608053, "eval/reward/episode_3": 0.7095740641108439, "eval/reward/episode_4": 0.7086915812612982, "eval/reward/episode_5": 0.7082198519718935, "eval/reward/episode_6": 0.7107500665149619, "eval/reward/episode_7": 0.7111612113328706, "eval/reward/episode_8": 0.7133881501705394, "eval/reward/episode_9": 0.7135858421995329, "eval/reward/episode_10": 0.7088006901110337, "eval/reward/episode_11": 0.7112119061966589, "eval/reward/episode_12": 0.7102130695080869, "eval/reward/episode_13": 0.708031855517377, "eval/reward/episode_14": 0.7035527904303129, "eval/reward/episode_15": 0.7076106310193448, "eval/reward/episode_16": 0.7119250989028767, "eval/reward/episode_17": 0.7058782025404955, "eval/reward/episode_18": 0.7138314527111546, "eval/reward/episode_19": 0.705019636284096, "_wandb": {"runtime": 0}}