{"epoch": 100, "train/reward": 0.7143187384160447, "train/loss": 0.08488855227436272, "_timestamp": 1696950539.633723, "_runtime": 1.0151419639587402, "_step": 100, "_wandb": {"runtime": 0}}