{"train/reward": 0.9234457413288352, "train/loss": 0.08123184630133036, "_timestamp": 1696946590.3794699, "_runtime": 1.0661189556121826, "_step": 106, "eval/reward": 0.045214981442001236, "_wandb": {"runtime": 0}}