{"epoch": 100, "train/reward": 0.5930532502864914, "train/loss": 0.19959844366520396, "_timestamp": 1696950044.7580233, "_runtime": 0.9153761863708496, "_step": 100, "_wandb": {"runtime": 0}}