{"train_reward": 0.9065909141328207, "loss": 0.09224263948956347, "_timestamp": 1696943664.6015797, "_runtime": 3.09572172164917, "_step": 106, "eval_reward": 0.05261887080747811, "eval_reward_std": 0.032136250361850624, "_wandb": {"runtime": 0}}