{"epoch": 99, "train/reward": 0.6873524949199742, "train/loss": 0.11621300507684211, "_timestamp": 1696947617.6564085, "_runtime": 0.9992866516113281, "_step": 106, "eval/reward": [0.6852013165796547, 0.6901316414313996, 0.6884744981468962, 0.6857232983924292, 0.6813198551287171, 0.6901144793871765, 0.683696640327021, 0.6823320297529891, 0.6821578276629079, 0.6902639908581807, 0.6810651896283623, 0.6848409051401916, 0.6844854967752717, 0.6891208275831705, 0.682041450882561, 0.6909266247744208, 0.6829656412530878, 0.6906250476500595, 0.6846704179579854, 0.6815701700717346], "_wandb": {"runtime": 0}}