{"epoch": 80, "train/reward": 0.7972392986414366, "train/loss": 0.010828525804256174, "_timestamp": 1696948152.7422056, "_runtime": 0.9348535537719727, "_step": 277, "eval/reward/episode_0": 0.7887163423901485, "eval/reward/episode_1": 0.7935305416992, "eval/reward/episode_2": 0.7674559971328341, "eval/reward/episode_3": 0.7741044866886062, "eval/reward/episode_4": 0.7949330307476575, "eval/reward/episode_5": 0.7850950038246528, "eval/reward/episode_6": 0.7891463290611058, "eval/reward/episode_7": 0.788093062764806, "eval/reward/episode_8": 0.790905088086218, "_wandb": {"runtime": 0}}