{"epoch": 80, "train/reward": 0.6612917403525362, "train/loss": 0.14004826103990492, "_timestamp": 1696947914.6561084, "_runtime": 1.1014673709869385, "_step": 277, "eval/reward/episode_0": 0.5872075974321249, "eval/reward/episode_1": 0.6685230207148618, "eval/reward/episode_2": 0.6545177555910919, "eval/reward/episode_3": 0.6474219111515571, "eval/reward/episode_4": 0.6667177199391094, "eval/reward/episode_5": 0.6627319993681331, "eval/reward/episode_6": 0.6584053935520249, "eval/reward/episode_7": 0.659451980047427, "eval/reward/episode_8": 0.6634067790366496, "_wandb": {"runtime": 0}}