{"epoch": 19, "train/reward": 0.5949263213609409, "train/loss": 0.20427140878078465, "_timestamp": 1696951117.131782, "_runtime": 0.8941540718078613, "_step": 320, "eval/eval_0": -0.03892879970482252, "eval/eval_1": 0.5508251903883061, "eval/eval_2": 0.5656560571511996, "eval/eval_3": 0.5756645782461006, "eval/eval_4": 0.6028034262213208, "eval/eval_5": 0.5906522298403919, "eval/eval_6": 0.5965055428690419, "eval/eval_7": 0.5960555633136685, "eval/eval_8": 0.5996173020765333, "eval/eval_9": 0.5974439696253983, "eval/eval_10": 0.5953275465720803, "_wandb": {"runtime": 0}}