{"acc": 0.8216181061260197, "loss": 0.17441495350214628, "_timestamp": 1696942823.865375, "_runtime": 1.0599150657653809, "_step": 106, "eval_reward": 0.03863626845601612, "eval_reward_std": 0.02490944078551649, "_wandb": {"runtime": 0}}