{"epoch": 100, "train/reward": 0.7172362204510919, "train/loss": 0.07480703319694264, "_timestamp": 1696950108.611056, "_runtime": 2.121479034423828, "_step": 101, "idk_table": {"_type": "table-file", "sha256": "215140a313fef4e541fce83ad55543379d24edc43a951e6df8da1774e2c981ae", "size": 7549, "artifact_path": "wandb-client-artifact://949u9l9t5f1csxse2jvy1pm62z3z2v0he60v5p0ymwr1vxz63f13dwjzfhnzpic3bnwilo1ii7z2jnlg2s84whqpnsuw944m9j98trx2pjmc741lub1oz7nrfmo09eie:latest/idk_table.table.json", "_latest_artifact_path": "wandb-client-artifact://949u9l9t5f1csxse2jvy1pm62z3z2v0he60v5p0ymwr1vxz63f13dwjzfhnzpic3bnwilo1ii7z2jnlg2s84whqpnsuw944m9j98trx2pjmc741lub1oz7nrfmo09eie:latest/idk_table.table.json", "path": "media/table/idk_table_101_215140a313fef4e541fc.table.json", "ncols": 3, "nrows": 220}, "_wandb": {"runtime": 1}}