{"epoch": 10, "train/reward": 0.6693138680261413, "train/loss": 0.12771859802233715, "_timestamp": 1696951213.502128, "_runtime": 1.1316018104553223, "_step": 320, "eval/eval_0": 0.6759601183985922, "eval/eval_1": 0.6674653707996612, "eval/eval_2": 0.6727798180941149, "eval/eval_3": 0.6695500972217152, "eval/eval_4": 0.6737973185315621, "eval/eval_5": 0.6765776497194298, "eval/eval_6": 0.6675738456182085, "eval/eval_7": 0.6745533812281944, "eval/eval_8": 0.6686544525493857, "eval/eval_9": 0.6701070909723376, "eval/eval_10": 0.6689011193130062, "eval/eval_11": 0.6737571494805772, "eval/eval_12": 0.675393099442381, "eval/eval_13": 0.669036030573364, "eval/eval_14": 0.6692461303847653, "eval/eval_15": 0.6752066251381137, "eval/eval_16": 0.6723822552408578, "eval/eval_17": 0.6680866142727605, "eval/eval_18": 0.6721259435932359, "eval/eval_19": 0.6673368425802458, "_wandb": {"runtime": 0}}