{"train/reward": 0.9983563822980438, "train/loss": 0.004618146254549489, "_timestamp": 1696945998.0757883, "_runtime": 1.091597318649292, "_step": 106, "eval/reward": 0.055635904022924045, "_wandb": {"runtime": 0}}