{"train_reward": 0.823376770021321, "loss": 0.17763188669433724, "_timestamp": 1696944710.416811, "_runtime": 1.3823320865631104, "_step": 277, "eval_reward": 0.05896168384877663, "_wandb": {"runtime": 0}}