{"epoch": 100, "train/reward": 0.6144109337371183, "train/loss": 0.18604766015895446, "_timestamp": 1696950553.499447, "_runtime": 1.7338991165161133, "_step": 101, "idk_table": {"_type": "table-file", "sha256": "e84d181537518014556254eaaee9691a6a4fcc50764c1ffb6e67b308e6d85fbd", "size": 7670, "artifact_path": "wandb-client-artifact://ah1uhaf6kq4jalav11eg02zdxqjquhkzdzci9nxdj0nk6uwth2odgtlt9f5v2opzbei7covpjhsmygcgcx0hxg8h5ycer8b7rmby8w6xzrek564ky003ygl2zf9m3uhj:latest/idk_table.table.json", "_latest_artifact_path": "wandb-client-artifact://ah1uhaf6kq4jalav11eg02zdxqjquhkzdzci9nxdj0nk6uwth2odgtlt9f5v2opzbei7covpjhsmygcgcx0hxg8h5ycer8b7rmby8w6xzrek564ky003ygl2zf9m3uhj:latest/idk_table.table.json", "path": "media/table/idk_table_101_e84d1815375180145562.table.json", "ncols": 3, "nrows": 220}, "_wandb": {"runtime": 0}}