{"train/reward": 0.6633671339918799, "train/loss": 0.13567170335446235, "_timestamp": 1696948527.1740878, "_runtime": 1.3390908241271973, "_step": 299, "epoch": 90, "eval/reward/episode_0": -1.1431385963130847, "eval/reward/episode_1": 0.6552204456291086, "eval/reward/episode_2": 0.6627005137104062, "eval/reward/episode_3": 0.6441766756540577, "eval/reward/episode_4": 0.6598001805349075, "eval/reward/episode_5": 0.6670267881176123, "eval/reward/episode_6": 0.6705084358520441, "eval/reward/episode_7": 0.6621251541995695, "eval/reward/episode_8": 0.6712128813528722, "eval/reward/episode_9": 0.6712271341969052, "_wandb": {"runtime": 0}}