{"epoch": 99, "train/reward": 0.6912643536050131, "train/loss": 0.11060418411420869, "_timestamp": 1696949334.6963696, "_runtime": 1.067065715789795, "_step": 299, "eval/reward/episode_0": 0.4866344174738765, "eval/reward/episode_1": 1.6086376042631545, "eval/reward/episode_2": 2.6574501650085787, "eval/reward/episode_3": 3.8710634641692523, "eval/reward/episode_4": 4.208985856663459, "eval/reward/episode_5": 5.460328349558567, "eval/reward/episode_6": 6.236630804524502, "eval/reward/episode_7": 7.800778685471125, "eval/reward/episode_8": 8.304693244072956, "eval/reward/episode_9": 9.149975409417282, "eval/reward/episode_10": 10.63804383503073, "eval/reward/episode_11": 11.661988549586592, "eval/reward/episode_12": 12.051533771718903, "eval/reward/episode_13": 13.084167248693484, "eval/reward/episode_14": 14.04985965526049, "eval/reward/episode_15": 15.971316932520889, "eval/reward/episode_16": 16.191146435706017, "eval/reward/episode_17": 17.960576574832178, "eval/reward/episode_18": 18.23166014114552, "eval/reward/episode_19": 19.789713648667043, "_wandb": {"runtime": 0}}