{"epoch": 100, "train/reward": 0.6011522530716925, "train/loss": 0.19999051372320256, "_timestamp": 1696951913.8261633, "_runtime": 1.0987904071807861, "_step": 320, "eval/eval_0": 0.6074816154161538, "eval/eval_1": 0.6009080669219876, "eval/eval_2": 0.600984201537505, "eval/eval_3": 0.6083581429827708, "eval/eval_4": 0.6069125471926334, "eval/eval_5": 0.6000229036833938, "eval/eval_6": 0.6002700615271619, "eval/eval_7": 0.6056579306640942, "eval/eval_8": 0.6030263365362609, "eval/eval_9": 0.6060369770092522, "eval/eval_10": 0.6037854985783582, "eval/eval_11": 0.5995313854441542, "eval/eval_12": 0.6083302983261195, "eval/eval_13": 0.6040605884169699, "eval/eval_14": 0.6060068245463043, "eval/eval_15": 0.6060939496952641, "eval/eval_16": 0.6051048817553393, "eval/eval_17": 0.6090190331839017, "eval/eval_18": 0.60466775718562, "eval/eval_19": 0.603770094733758, "_wandb": {"runtime": 0}}