{"train/reward": 0.0, "_timestamp": 1696674932.6852236, "_runtime": 541.088401556015, "_step": 91}