{"epoch": 100, "train/reward": 0.639652397364351, "train/loss": 0.16291853470244158, "_timestamp": 1696949659.8065195, "_runtime": 0.9744634628295898, "_step": 320, "eval/reward/eval_epoch0": 0.5760748671918344, "eval/reward/eval_epoch1": 1.657889212355892, "eval/reward/eval_epoch2": 2.8128217677320864, "eval/reward/eval_epoch3": 3.9246436919661094, "eval/reward/eval_epoch4": 4.086665370903315, "eval/reward/eval_epoch5": 5.362232513849211, "eval/reward/eval_epoch6": 6.857789031252789, "eval/reward/eval_epoch7": 7.5003908678916495, "eval/reward/eval_epoch8": 8.488599052047778, "eval/reward/eval_epoch9": 9.138321352497462, "eval/reward/eval_epoch10": 10.099083975317711, "eval/reward/eval_epoch11": 11.340044700715891, "eval/reward/eval_epoch12": 12.847853259356725, "eval/reward/eval_epoch13": 13.976942570039705, "eval/reward/eval_epoch14": 14.577597629498051, "eval/reward/eval_epoch15": 15.727154703753724, "eval/reward/eval_epoch16": 16.630038257227756, "eval/reward/eval_epoch17": 17.89543857978239, "eval/reward/eval_epoch18": 18.211888351101518, "eval/reward/eval_epoch19": 19.65778990999338, "_wandb": {"runtime": 0}}