{"epoch": 100, "train/reward": 0.79948794663975, "train/loss": 0.005476230948637418, "_timestamp": 1697044664.035045, "_runtime": 1.4397659301757812, "_step": 320, "train/eval_0": 0.7922125841667805, "train/eval_1": 0.7904014371448803, "train/eval_2": 0.7948807855352424, "train/eval_3": 0.7945019650860191, "train/eval_4": 0.7998437671427933, "train/eval_5": 0.7935721079038581, "train/eval_6": 0.7911909729669601, "train/eval_7": 0.79823749128781, "train/eval_8": 0.7957274504825567, "train/eval_9": 0.7911344290853963, "train/eval_10": 0.7974799725384729, "train/eval_11": 0.7941642973501333, "train/eval_12": 0.7987397500591792, "train/eval_13": 0.7981888241800085, "train/eval_14": 0.796762958138283, "train/eval_15": 0.7968307777590082, "train/eval_16": 0.7939592126498151, "train/eval_17": 0.7943045111172894, "train/eval_18": 0.7939037210718611, "train/eval_19": 0.7964557575855464, "_wandb": {"runtime": 0}}