{"train/reward": 0.8062024254211084, "train/loss": 0.19380731529414535, "_timestamp": 1696946508.8557117, "_runtime": 1.2021057605743408, "_step": 106, "epoch": 90, "eval/reward": 0.05717319025628213, "_wandb": {"runtime": 0}}