{"train/reward": 0.0, "_timestamp": 1696675777.7950013, "_runtime": 702.669272184372, "_step": 104}