{"epoch": 100, "train/reward": 0.717132773933243, "train/loss": 0.08562144089464481, "_timestamp": 1696950084.5157712, "_runtime": 0.9023661613464355, "_step": 100, "_wandb": {"runtime": 0}}