{"epoch": 99, "train/reward": 0.6742179447534216, "train/loss": 0.12219742859630216, "_timestamp": 1696947470.136963, "_runtime": 0.9691770076751709, "_step": 106, "eval/reward": [0.6703858185349046, 0.6755341796235539, 0.6790255829466629, 0.6714725699735299, 0.6755904361349653, 0.6787866721901146, 0.6725277845485677, 0.673309512546817, 0.6805023305543865, 0.6765830749049103, 0.6798350634562474, 0.6789608870568113, 0.6704970799340818, 0.6750523773554805, 0.6765169046929338, 0.6713434509773306, 0.6759509939131593, 0.6730376654981672, 0.6780409243882072, 0.6759660128065191], "_wandb": {"runtime": 0}}